{"cameraMode":{"drawMode":0,"name":"Shaded","section":"Shading Mode"},"sceneLighting":true,"audioPlay":false,"sceneViewState":{"showFog":true,"showMaterialUpdate":false,"showSkybox":true,"showFlares":true,"showImageEffects":true,"showParticleSystems":true},"in2DMode":false,"pivot":{"x":13.05846881866455,"y":-31.11245346069336,"z":37.01698303222656},"rotation":{"x":0.3176514804363251,"y":0.1702820062637329,"z":-0.058099858462810519,"w":0.9309812188148499},"size":59.33269119262695,"orthographic":false}