{"cameraMode":{"drawMode":0,"name":"Shaded","section":"Shading Mode"},"sceneLighting":true,"audioPlay":false,"sceneViewState":{"showFog":true,"showMaterialUpdate":false,"showSkybox":true,"showFlares":true,"showImageEffects":true,"showParticleSystems":true},"in2DMode":false,"pivot":{"x":-4.066737174987793,"y":-1.2968931198120118,"z":5.430723190307617},"rotation":{"x":-0.24498584866523744,"y":0.5459374785423279,"z":-0.17086270451545716,"w":-0.7827771902084351},"size":20.035804748535158,"orthographic":false}