{"cameraMode":{"drawMode":0,"name":"Shaded","section":"Shading Mode"},"sceneLighting":true,"audioPlay":false,"sceneViewState":{"showFog":true,"showMaterialUpdate":false,"showSkybox":true,"showFlares":true,"showImageEffects":true,"showParticleSystems":true},"in2DMode":false,"pivot":{"x":0.872730553150177,"y":0.03420072793960571,"z":-0.6407874226570129},"rotation":{"x":0.15862925350666047,"y":0.7084947228431702,"z":-0.168582484126091,"w":0.66667240858078},"size":5.354038238525391,"orthographic":false}