{"cameraMode":{"drawMode":0,"name":"Shaded","section":"Shading Mode"},"sceneLighting":true,"audioPlay":false,"sceneViewState":{"showFog":true,"showMaterialUpdate":false,"showSkybox":true,"showFlares":true,"showImageEffects":true,"showParticleSystems":true},"in2DMode":false,"pivot":{"x":-11.259540557861329,"y":2.569157838821411,"z":-8.968538284301758},"rotation":{"x":-0.0010400774190202356,"y":-0.9410764575004578,"z":0.002881586318835616,"w":-0.33818012475967409},"size":5.097831726074219,"orthographic":false}