{"cameraMode":{"drawMode":0,"name":"Shaded","section":"Shading Mode"},"sceneLighting":true,"audioPlay":false,"sceneViewState":{"showFog":true,"showMaterialUpdate":false,"showSkybox":true,"showFlares":true,"showImageEffects":true,"showParticleSystems":true},"in2DMode":false,"pivot":{"x":-4.888244152069092,"y":-16.80198097229004,"z":21.232614517211915},"rotation":{"x":0.40828627347946169,"y":-0.2236967831850052,"z":0.10391326993703842,"w":0.8788993954658508},"size":41.7427978515625,"orthographic":false}