{"cameraMode":{"drawMode":0,"name":"Shaded","section":"Shading Mode"},"sceneLighting":false,"audioPlay":false,"sceneViewState":{"showFog":true,"showMaterialUpdate":false,"showSkybox":false,"showFlares":true,"showImageEffects":true,"showParticleSystems":true},"in2DMode":false,"pivot":{"x":235.25904846191407,"y":860.1612548828125,"z":-10.416267395019532},"rotation":{"x":0.0886412262916565,"y":-0.03526982292532921,"z":0.0031410877127200367,"w":0.995434045791626},"size":22.0,"orthographic":false}