{"cameraMode":{"drawMode":0,"name":"Shaded","section":"Shading Mode"},"sceneLighting":true,"audioPlay":false,"sceneViewState":{"showFog":true,"showMaterialUpdate":false,"showSkybox":true,"showFlares":true,"showImageEffects":true,"showParticleSystems":true},"in2DMode":false,"pivot":{"x":-26.778078079223634,"y":-28.477346420288087,"z":85.153076171875},"rotation":{"x":0.1404765099287033,"y":-0.15907570719718934,"z":0.022874383255839349,"w":0.9769535064697266},"size":114.19373321533203,"orthographic":false}