{"cameraMode":{"drawMode":0,"name":"Shaded","section":"Shading Mode"},"sceneLighting":true,"audioPlay":false,"sceneViewState":{"showFog":true,"showMaterialUpdate":false,"showSkybox":true,"showFlares":true,"showImageEffects":true,"showParticleSystems":true},"in2DMode":false,"pivot":{"x":-25.953418731689454,"y":-20.21731948852539,"z":22.258296966552736},"rotation":{"x":0.25644299387931826,"y":-0.44316843152046206,"z":0.13394640386104585,"w":0.8484675288200378},"size":47.906776428222659,"orthographic":false}