{"cameraMode":{"drawMode":0,"name":"Shaded","section":"Shading Mode"},"sceneLighting":false,"audioPlay":false,"sceneViewState":{"showFog":true,"showMaterialUpdate":false,"showSkybox":false,"showFlares":true,"showImageEffects":true,"showParticleSystems":true},"in2DMode":false,"pivot":{"x":-1.2000000476837159,"y":1.5399999618530274,"z":-0.7000000476837158},"rotation":{"x":0.23333242535591126,"y":0.005227119196206331,"z":-0.0012546443613246084,"w":0.9723821878433228},"size":1.0924943685531617,"orthographic":false}