{"cameraMode":{"drawMode":0,"name":"Shaded","section":"Shading Mode"},"sceneLighting":true,"audioPlay":false,"sceneViewState":{"showFog":true,"showMaterialUpdate":false,"showSkybox":true,"showFlares":true,"showImageEffects":true,"showParticleSystems":true},"in2DMode":false,"pivot":{"x":-3.8880298137664797,"y":-2.625692367553711,"z":0.12625692784786225},"rotation":{"x":-0.21145811676979066,"y":0.6790228486061096,"z":-0.21445788443088532,"w":-0.6694932579994202},"size":15.614059448242188,"orthographic":false}