{"cameraMode":{"drawMode":0,"name":"Shaded","section":"Shading Mode"},"sceneLighting":true,"audioPlay":false,"sceneViewState":{"showFog":true,"showMaterialUpdate":false,"showSkybox":true,"showFlares":true,"showImageEffects":true,"showParticleSystems":true},"in2DMode":false,"pivot":{"x":1.5249459743499756,"y":9.023543357849121,"z":19.06582260131836},"rotation":{"x":0.4005142152309418,"y":-0.3127228319644928,"z":0.14760948717594148,"w":0.8485307097434998},"size":5.118246078491211,"orthographic":false}