{"cameraMode":{"drawMode":0,"name":"Shaded","section":"Shading Mode"},"sceneLighting":true,"audioPlay":false,"sceneViewState":{"showFog":true,"showMaterialUpdate":false,"showSkybox":true,"showFlares":true,"showImageEffects":true,"showParticleSystems":true},"in2DMode":false,"pivot":{"x":-46.84950256347656,"y":-23.21275520324707,"z":-9.326393127441407},"rotation":{"x":0.2490013986825943,"y":-0.49868613481521609,"z":0.15213066339492799,"w":0.8161903619766235},"size":57.36817169189453,"orthographic":false}