{"cameraMode":{"drawMode":0,"name":"Shaded","section":"Shading Mode"},"sceneLighting":false,"audioPlay":false,"sceneViewState":{"showFog":true,"showMaterialUpdate":false,"showSkybox":false,"showFlares":true,"showImageEffects":true,"showParticleSystems":true},"in2DMode":false,"pivot":{"x":0.062411606311798099,"y":0.9088534116744995,"z":0.4070325493812561},"rotation":{"x":-0.02215144783258438,"y":-0.977483868598938,"z":0.1612616628408432,"w":-0.13427318632602693},"size":4.814693450927734,"orthographic":false}