{"cameraMode":{"drawMode":0,"name":"Shaded","section":"Shading Mode"},"sceneLighting":false,"audioPlay":false,"sceneViewState":{"showFog":true,"showMaterialUpdate":false,"showSkybox":false,"showFlares":true,"showImageEffects":true,"showParticleSystems":true},"in2DMode":false,"pivot":{"x":-4.8971333503723148,"y":7.456993579864502,"z":5.784152984619141},"rotation":{"x":0.1010606586933136,"y":0.8903188705444336,"z":-0.24151980876922608,"w":0.3725414574146271},"size":2.0722920894622804,"orthographic":false}