{"cameraMode":{"drawMode":0,"name":"Shaded","section":"Shading Mode"},"sceneLighting":false,"audioPlay":false,"sceneViewState":{"showFog":true,"showMaterialUpdate":false,"showSkybox":false,"showFlares":true,"showImageEffects":true,"showParticleSystems":true},"in2DMode":false,"pivot":{"x":-0.22333228588104249,"y":0.2498077154159546,"z":0.3204054832458496},"rotation":{"x":-0.00019785760377999395,"y":-0.9978182911872864,"z":-0.002993477974087,"w":0.06595180183649063},"size":4.288369655609131,"orthographic":true}