{"cameraMode":{"drawMode":0,"name":"Shaded","section":"Shading Mode"},"sceneLighting":false,"audioPlay":false,"sceneViewState":{"showFog":true,"showMaterialUpdate":false,"showSkybox":false,"showFlares":true,"showImageEffects":true,"showParticleSystems":true},"in2DMode":false,"pivot":{"x":-1.0654103755950928,"y":0.8550574779510498,"z":-1.7505133152008057},"rotation":{"x":-0.04479174688458443,"y":-0.9545482993125916,"z":0.18942351639270783,"w":-0.22572115063667298},"size":4.370977878570557,"orthographic":true}