{"cameraMode":{"drawMode":0,"name":"Shaded","section":"Shading Mode"},"sceneLighting":true,"audioPlay":false,"sceneViewState":{"showFog":true,"showMaterialUpdate":false,"showSkybox":true,"showFlares":true,"showImageEffects":true,"showParticleSystems":true},"in2DMode":false,"pivot":{"x":-17.351499557495118,"y":2.6849026679992677,"z":-5.691116809844971},"rotation":{"x":0.015119347721338272,"y":0.3721999526023865,"z":0.006049612537026405,"w":-0.9280096888542175},"size":0.6372349858283997,"orthographic":false}