{"cameraMode":{"drawMode":0,"name":"Shaded","section":"Shading Mode"},"sceneLighting":false,"audioPlay":false,"sceneViewState":{"showFog":true,"showMaterialUpdate":false,"showSkybox":false,"showFlares":true,"showImageEffects":true,"showParticleSystems":true},"in2DMode":false,"pivot":{"x":0.10618656873703003,"y":-0.1155213713645935,"z":-0.11612141132354737},"rotation":{"x":-0.05465694144368172,"y":-0.9450897574424744,"z":0.21630842983722688,"w":-0.23880676925182343},"size":1.497856616973877,"orthographic":false}