{"cameraMode":{"drawMode":0,"name":"Shaded","section":"Shading Mode"},"sceneLighting":false,"audioPlay":false,"sceneViewState":{"showFog":true,"showMaterialUpdate":false,"showSkybox":false,"showFlares":true,"showImageEffects":true,"showParticleSystems":true},"in2DMode":false,"pivot":{"x":-1.4012582302093506,"y":2.4185218811035158,"z":-8.011703491210938},"rotation":{"x":-0.2939515709877014,"y":0.33706724643707278,"z":-0.11164957284927368,"w":-0.8874190449714661},"size":3.9065895080566408,"orthographic":false}