{"cameraMode":{"drawMode":0,"name":"Shaded","section":"Shading Mode"},"sceneLighting":true,"audioPlay":false,"sceneViewState":{"showFog":true,"showMaterialUpdate":false,"showSkybox":true,"showFlares":true,"showImageEffects":true,"showParticleSystems":true},"in2DMode":false,"pivot":{"x":50.21875,"y":-30.00600242614746,"z":-25.942203521728517},"rotation":{"x":-0.124057836830616,"y":-0.8360282182693481,"z":0.2112530767917633,"w":-0.4909568130970001},"size":67.06265258789063,"orthographic":false}