{"cameraMode":{"drawMode":0,"name":"Shaded","section":"Shading Mode"},"sceneLighting":true,"audioPlay":false,"sceneViewState":{"showFog":true,"showMaterialUpdate":false,"showSkybox":false,"showFlares":true,"showImageEffects":true,"showParticleSystems":true},"in2DMode":false,"pivot":{"x":-66.06653594970703,"y":-11.165204048156739,"z":30.502561569213868},"rotation":{"x":0.13540633022785188,"y":-0.38747110962867739,"z":0.057667531073093417,"w":0.9100580811500549},"size":56.0145263671875,"orthographic":false}