{"cameraMode":{"drawMode":0,"name":"Shaded","section":"Shading Mode"},"sceneLighting":false,"audioPlay":false,"sceneViewState":{"showFog":true,"showMaterialUpdate":false,"showSkybox":false,"showFlares":true,"showImageEffects":true,"showParticleSystems":true},"in2DMode":false,"pivot":{"x":0.26351022720336916,"y":-0.18632519245147706,"z":-0.14271241426467896},"rotation":{"x":-0.07681068032979965,"y":-0.8927168250083923,"z":0.16660185158252717,"w":-0.4115832448005676},"size":1.497856616973877,"orthographic":false}