{"cameraMode":{"drawMode":0,"name":"Shaded","section":"Shading Mode"},"sceneLighting":false,"audioPlay":false,"sceneViewState":{"showFog":true,"showMaterialUpdate":false,"showSkybox":false,"showFlares":true,"showImageEffects":true,"showParticleSystems":true},"in2DMode":false,"pivot":{"x":-0.09000003337860108,"y":-0.25,"z":-0.4000000059604645},"rotation":{"x":-0.13812388479709626,"y":-0.8247621655464172,"z":0.2285420149564743,"w":-0.49845537543296816},"size":2.4477906227111818,"orthographic":false}