{"cameraMode":{"drawMode":0,"name":"Shaded","section":"Shading Mode"},"sceneLighting":false,"audioPlay":false,"sceneViewState":{"showFog":true,"showMaterialUpdate":false,"showSkybox":false,"showFlares":true,"showImageEffects":true,"showParticleSystems":true},"in2DMode":false,"pivot":{"x":0.0,"y":1.6165000200271607,"z":11.914155960083008},"rotation":{"x":0.417612761259079,"y":-0.1261984258890152,"z":0.05869695171713829,"w":0.8979021310806274},"size":39.574832916259769,"orthographic":false}