{"cameraMode":{"drawMode":0,"name":"Shaded","section":"Shading Mode"},"sceneLighting":true,"audioPlay":false,"sceneViewState":{"showFog":true,"showMaterialUpdate":false,"showSkybox":true,"showFlares":true,"showImageEffects":true,"showParticleSystems":true},"in2DMode":false,"pivot":{"x":-14.277605056762696,"y":0.5860240459442139,"z":19.667949676513673},"rotation":{"x":0.0639580488204956,"y":-0.4665868580341339,"z":0.033845074474811557,"w":0.8815103769302368},"size":22.0,"orthographic":false}