{"cameraMode":{"drawMode":0,"name":"Shaded","section":"Shading Mode"},"sceneLighting":true,"audioPlay":false,"sceneViewState":{"showFog":true,"showMaterialUpdate":false,"showSkybox":true,"showFlares":true,"showImageEffects":true,"showParticleSystems":true},"in2DMode":false,"pivot":{"x":-1.3458566665649415,"y":-0.5119708776473999,"z":1.5077893733978272},"rotation":{"x":0.3495860993862152,"y":-0.4645356237888336,"z":0.2063414603471756,"w":0.7870321273803711},"size":4.292762756347656,"orthographic":false}